date,open,high,low,close,volume
2021-01-04,156.67,158.18,156.54,157.54,13152900.0
2021-01-05,156.95,156.95,155.66,156.37,10458100.0
2021-01-06,153.82,153.85,152.29,153.16,22827300.0
2021-01-07,151.79,152.17,151.26,151.81,14651900.0
2021-01-08,151.48,151.96,150.66,151.32,13622819.0
2021-01-11,151.0,151.21,150.49,151.07,8380898.0
2021-01-12,150.79,151.16,149.93,150.95,12186305.0
2021-01-13,151.66,153.07,151.57,152.65,12533300.0
2021-01-14,152.58,152.64,150.79,151.22,14835500.0
2021-01-15,152.19,152.36,151.47,151.82,11624700.0
2021-01-19,151.62,152.36,151.51,152.31,9575600.0
2021-01-20,151.99,152.48,151.79,152.46,5368933.0
2021-01-21,151.44,151.75,151.1,151.39,8164729.0
2021-01-22,151.85,152.01,151.42,151.88,9507200.0
2021-01-25,152.76,153.69,152.64,153.67,8712616.0
2021-01-26,153.1,153.6,152.92,153.38,7690318.0
2021-01-27,154.07,154.5,153.53,153.77,7895249.0
2021-01-28,153.4,153.46,152.16,152.92,10667800.0
2021-01-29,151.42,152.49,151.3,152.0,14966238.0
2021-02-01,151.66,152.36,151.49,152.0,8165534.0
2021-02-02,150.74,151.09,150.52,151.02,9177500.0
2021-02-03,150.43,150.59,149.58,149.68,9633100.0
2021-02-04,149.16,149.49,148.8,149.28,8262613.0
2021-02-05,149.1,149.57,148.02,148.03,10258935.0
2021-02-08,148.3,149.26,148.04,148.68,11574800.0
2021-02-09,149.22,149.67,148.66,148.79,5218341.0
2021-02-10,149.28,149.78,149.14,149.78,8079802.0
2021-02-11,149.68,149.79,148.75,148.96,11962758.0
2021-02-12,147.7,148.08,147.03,147.11,14088400.0
2021-02-16,145.22,145.66,144.66,144.87,17789100.0
2021-02-17,145.95,146.38,144.98,145.79,11203329.0
2021-02-18,144.61,145.6,144.32,145.2,10755817.0
2021-02-19,144.06,144.32,142.85,143.27,12741726.0
2021-02-22,143.03,143.74,141.72,142.18,13203900.0
2021-02-23,141.52,142.5,141.14,141.77,12658500.0
2021-02-24,139.35,141.18,139.16,140.84,17363100.0
2021-02-25,139.52,139.92,136.61,138.54,52621705.0
2021-02-26,140.77,143.3,139.68,143.12,45423326.0
2021-03-01,140.66,141.41,140.09,141.06,22050428.0
2021-03-02,140.4,141.13,140.29,141.07,12482218.0
2021-03-03,139.38,140.15,138.76,139.54,19763736.0
2021-03-04,139.63,139.94,137.96,138.64,22366600.0
2021-03-05,138.17,139.34,137.99,138.91,20598039.0
2021-03-08,138.83,138.9,137.83,137.83,15236619.0
2021-03-09,139.27,139.82,138.97,139.74,14463400.0
2021-03-10,139.8,140.15,139.28,140.02,12387639.0
2021-03-11,139.17,139.38,138.46,139.01,14150742.0
2021-03-12,136.4,136.46,135.65,136.06,20402701.0
2021-03-15,136.49,137.09,136.41,136.86,11366662.0
2021-03-16,137.02,137.12,135.75,136.31,15567907.0
2021-03-17,135.15,135.53,134.15,135.29,27107500.0
2021-03-18,133.31,134.47,133.19,133.92,21622014.0
2021-03-19,134.08,134.83,133.8,134.75,18685000.0
2021-03-22,135.69,136.41,135.37,136.26,17047525.0
2021-03-23,136.59,137.54,136.15,137.49,16768448.0
2021-03-24,137.06,138.28,136.95,138.23,13863000.0
2021-03-25,138.39,138.66,137.09,137.14,20782000.0
2021-03-26,136.42,137.24,136.22,136.66,8433300.0
2021-03-29,136.83,136.85,134.97,135.5,13968100.0
2021-03-30,135.3,136.51,135.01,136.21,15020800.0
2021-03-31,136.34,136.59,134.98,135.45,19271300.0
2021-04-01,136.55,137.62,136.3,137.51,14885947.0
2021-04-05,136.55,136.97,135.94,136.91,8243000.0
2021-04-06,137.16,137.98,137.01,137.84,9282400.0
2021-04-07,137.45,138.1,136.88,136.88,11052827.0
2021-04-08,137.39,138.07,137.36,138.01,7847918.0
2021-04-09,137.5,138.19,137.09,137.51,8717951.0
2021-04-12,137.46,137.53,137.1,137.45,7659000.0
2021-04-13,137.3,138.51,137.2,138.48,13232800.0
2021-04-14,138.03,138.24,137.57,138.04,7293200.0
2021-04-15,139.49,140.98,139.46,140.35,23896725.0
2021-04-16,139.1,139.73,138.93,139.26,15238401.0
2021-04-19,138.74,139.31,138.55,138.86,13886874.0
2021-04-20,138.45,139.76,138.43,139.5,11476500.0
2021-04-21,139.54,139.91,139.07,139.78,11902200.0
2021-04-22,140.0,140.39,139.2,140.39,14156678.0
2021-04-23,140.38,140.47,139.49,140.06,12302248.0
2021-04-26,140.15,140.51,139.85,139.86,9103549.0
2021-04-27,139.59,139.82,138.53,138.64,14137300.0
2021-04-28,138.65,138.89,137.96,138.73,15263720.0
2021-04-29,137.45,138.36,137.13,138.32,17178229.0
2021-04-30,138.51,138.73,137.98,138.64,15692322.0
2021-05-03,138.7,139.65,138.28,138.52,16447700.0
2021-05-04,139.49,140.16,139.16,139.46,18640004.0
2021-05-05,139.03,139.85,138.92,139.69,11128146.0
2021-05-06,139.25,140.19,139.2,139.92,21907928.0
2021-05-07,140.1,140.6,138.91,139.23,18346900.0
2021-05-10,138.95,139.25,137.69,137.82,15146246.0
2021-05-11,137.23,137.48,136.77,137.04,15158611.0
2021-05-12,136.67,136.8,135.36,135.6,20859432.0
2021-05-13,135.93,136.37,135.63,135.81,13074735.0
2021-05-14,136.53,137.08,136.22,137.08,17566732.0
2021-05-17,136.83,137.17,136.57,136.79,6113800.0
2021-05-18,136.4,136.57,136.07,136.44,11423100.0
2021-05-19,136.54,137.3,135.62,136.11,14296300.0
2021-05-20,136.76,137.49,136.67,137.23,13310501.0
2021-05-21,137.66,137.7,137.06,137.67,10171600.0
2021-05-24,137.99,138.58,137.89,138.18,6868700.0
2021-05-25,138.63,139.5,138.62,139.46,12346900.0
2021-05-26,139.59,139.91,138.88,139.22,9793707.0
2021-05-27,138.5,138.69,137.99,138.66,10695200.0
2021-05-28,138.58,139.3,138.34,138.44,10258035.0
2021-06-01,137.82,138.26,137.25,138.21,11778666.0
2021-06-02,138.55,138.79,138.32,138.53,7347905.0
2021-06-03,138.51,138.51,137.85,138.01,10994063.0
2021-06-04,138.52,139.9,138.52,139.9,15773737.0
2021-06-07,139.59,139.71,139.32,139.47,7799833.0
2021-06-08,140.66,140.66,140.21,140.45,11231222.0
2021-06-09,141.76,142.15,141.25,141.69,12768309.0
2021-06-10,140.83,142.56,140.68,142.54,19698410.0
2021-06-11,142.31,142.4,141.84,142.31,8646700.0
2021-06-14,142.1,142.1,141.01,141.22,9401341.0
2021-06-15,140.8,141.09,140.48,141.05,18207559.0
2021-06-16,141.4,141.67,140.21,140.93,19676300.0
2021-06-17,141.86,144.93,141.64,143.04,35225800.0
2021-06-18,144.28,146.04,144.12,145.73,26616912.0
2021-06-21,144.39,144.49,143.02,143.29,16485035.0
2021-06-22,142.17,143.68,142.12,143.64,14530318.0
2021-06-23,143.11,143.5,142.71,143.27,12041212.0
2021-06-24,143.42,143.9,143.33,143.5,8788460.0
2021-06-25,143.26,143.4,141.37,142.01,15562491.0
2021-06-28,142.72,143.8,142.7,143.47,11460926.0
2021-06-29,143.1,143.72,143.04,143.71,11218106.0
2021-06-30,144.25,144.93,144.07,144.35,15708900.0
2021-07-01,143.98,144.31,143.53,144.17,10810000.0
2021-07-02,144.23,145.04,144.11,145.04,9650200.0
2021-07-06,145.72,146.99,145.72,146.74,20037200.0
2021-07-07,147.57,148.56,147.22,148.04,20964400.0
2021-07-08,148.88,149.44,148.17,148.62,17487838.0
2021-07-09,146.87,146.99,146.49,146.53,14483634.0
2021-07-12,147.09,147.23,146.17,146.34,10610428.0
2021-07-13,146.82,147.46,144.64,145.22,23340375.0
2021-07-14,146.01,146.92,145.81,146.87,16038600.0
2021-07-15,147.95,148.6,147.03,148.49,18462700.0
2021-07-16,147.34,148.34,147.32,148.21,12787919.0
2021-07-19,150.95,151.95,150.62,151.46,40203900.0
2021-07-20,152.53,152.71,149.76,150.0,25674800.0
2021-07-21,148.18,148.5,146.67,148.1,19988911.0
2021-07-22,148.11,149.81,148.06,149.5,18136907.0
2021-07-23,147.94,148.66,147.89,148.5,12639300.0
2021-07-26,149.0,149.06,147.88,148.06,10737870.0
2021-07-27,149.33,149.69,148.99,149.64,13036604.0
2021-07-28,148.67,149.67,148.27,149.65,14346869.0
2021-07-29,148.78,149.22,148.53,148.82,11532032.0
2021-07-30,149.13,149.72,149.06,149.52,14342162.0
2021-08-02,149.45,151.23,149.18,150.67,21232706.0
2021-08-03,150.75,151.23,150.39,150.75,13361939.0
2021-08-04,151.5,151.82,149.72,151.06,18267907.0
2021-08-05,150.76,150.92,150.0,150.29,15345400.0
2021-08-06,148.32,148.76,147.69,147.78,21144300.0
2021-08-09,148.15,148.56,147.23,147.25,12942623.0
2021-08-10,147.49,147.57,146.56,146.57,13716901.0
2021-08-11,146.41,147.23,145.71,146.48,17227605.0
2021-08-12,146.09,146.44,145.43,146.24,14710931.0
2021-08-13,146.83,148.56,146.81,148.55,18653828.0
2021-08-16,149.19,150.02,148.81,148.91,19171543.0
2021-08-17,148.88,149.47,148.67,148.85,14126900.0
2021-08-18,148.71,149.47,148.45,149.35,13144000.0
2021-08-19,150.31,150.46,149.81,150.45,15474585.0
2021-08-20,150.59,150.81,150.11,150.55,12388424.0
2021-08-23,150.2,150.5,149.92,150.45,10615040.0
2021-08-24,149.76,150.07,149.28,149.28,13835931.0
2021-08-25,149.21,149.37,147.58,148.04,16743814.0
2021-08-26,147.97,148.57,147.51,148.45,16657435.0
2021-08-27,148.57,149.49,148.33,149.46,15384740.0
2021-08-30,148.99,149.9,148.93,149.85,10596306.0
2021-08-31,149.67,150.09,148.5,148.83,15262401.0
2021-09-01,149.27,149.39,148.49,148.89,10807100.0
2021-09-02,149.24,149.55,148.75,149.54,9766003.0
2021-09-03,148.27,148.51,147.94,148.18,12928250.0
2021-09-07,147.26,147.52,146.66,146.93,15548172.0
2021-09-08,147.66,148.19,147.39,147.93,14533700.0
2021-09-09,148.17,149.89,147.85,149.72,20324739.0
2021-09-10,148.9,149.17,148.16,148.4,14894629.0
2021-09-13,149.04,149.49,148.95,149.3,15036100.0
2021-09-14,149.73,151.57,149.58,151.11,19918400.0
2021-09-15,151.21,151.25,149.93,150.58,11940558.0
2021-09-16,149.67,150.45,149.5,149.89,13328978.0
2021-09-17,149.18,149.36,148.7,149.17,13783034.0
2021-09-20,150.57,151.37,150.23,151.02,14660406.0
2021-09-21,150.71,150.96,150.2,150.89,10035800.0
2021-09-22,150.79,151.79,150.44,151.79,22277800.0
2021-09-23,150.42,150.45,148.34,148.36,23853343.0
2021-09-24,147.84,147.85,146.74,146.91,20203937.0
2021-09-27,146.06,146.87,145.88,146.37,13464300.0
2021-09-28,144.33,145.07,143.64,144.09,26613500.0
2021-09-29,144.8,145.43,143.69,144.34,23569416.0
2021-09-30,144.1,144.51,143.65,144.32,22567600.0
2021-10-01,144.85,145.4,144.2,145.35,26151800.0
2021-10-04,144.67,145.46,144.1,144.98,28027600.0
2021-10-05,144.6,144.7,143.46,143.58,22659503.0
2021-10-06,144.23,144.72,144.03,144.39,18696687.0
2021-10-07,143.19,143.34,142.59,142.88,14856041.0
2021-10-08,142.26,142.35,141.53,141.88,17257800.0
2021-10-11,141.6,141.9,141.45,141.52,7213403.0
2021-10-12,142.63,144.01,142.48,143.94,17968952.0
2021-10-13,144.61,145.53,144.58,145.34,23584827.0
2021-10-14,145.37,145.96,144.95,145.88,12950609.0
2021-10-15,145.0,145.14,144.47,145.03,11811540.0
2021-10-18,145.0,146.0,144.52,145.71,12115900.0
2021-10-19,144.66,144.73,143.65,143.7,12156566.0
2021-10-20,143.25,143.68,142.51,142.73,12782500.0
2021-10-21,143.0,143.15,142.23,142.56,13660022.0
2021-10-22,143.45,144.4,143.21,144.13,13740010.0
2021-10-25,143.67,144.3,143.63,143.91,8138047.0
2021-10-26,144.62,145.1,143.74,145.1,13671000.0
2021-10-27,146.4,148.18,145.93,147.74,22092300.0
2021-10-28,147.79,148.33,146.84,147.24,17497600.0
2021-10-29,146.47,148.0,146.32,147.69,19087338.0
2021-11-01,145.8,146.76,145.7,146.44,18035500.0
2021-11-02,146.5,147.57,146.5,147.09,9836737.0
2021-11-03,147.82,147.98,145.53,145.57,20639400.0
2021-11-04,145.87,147.36,145.85,147.1,15922400.0
2021-11-05,148.52,149.58,148.13,149.3,21513029.0
2021-11-08,148.96,149.28,148.51,149.02,12083905.0
2021-11-09,150.8,151.77,150.64,150.96,23430239.0
2021-11-10,150.83,150.93,147.03,148.2,28170644.0
2021-11-11,148.51,148.66,147.89,147.98,5552818.0
2021-11-12,148.0,148.51,146.76,147.33,12712000.0
2021-11-15,146.89,146.96,145.22,145.48,15232710.0
2021-11-16,145.69,146.38,144.85,145.11,12998708.0
2021-11-17,144.57,146.29,144.46,146.26,14239900.0
2021-11-18,145.99,146.9,145.95,146.81,11055620.0
2021-11-19,147.58,148.6,147.58,148.36,14022924.0
2021-11-22,147.4,147.64,146.13,146.62,15267367.0
2021-11-23,145.93,146.11,144.5,144.5,15321246.0
2021-11-24,144.94,146.82,144.79,146.82,13769705.0
2021-11-26,148.83,150.68,148.67,150.53,20064800.0
2021-11-29,148.31,149.64,148.17,149.32,23234231.0
2021-11-30,150.83,152.07,150.25,151.59,31481117.0
2021-12-01,150.49,152.41,149.79,152.34,30838845.0
2021-12-02,152.93,152.99,150.76,152.53,17754200.0
2021-12-03,151.68,155.12,151.35,154.35,34427106.0
2021-12-06,154.05,154.35,151.93,152.23,30924205.0
2021-12-07,151.72,152.53,150.86,151.0,22115900.0
2021-12-08,150.47,150.48,148.36,148.39,33633900.0
2021-12-09,149.34,149.84,148.48,149.22,17544900.0
2021-12-10,149.92,150.24,148.81,148.86,14298740.0
2021-12-13,150.39,151.31,150.31,151.06,17860500.0
2021-12-14,150.37,150.93,149.31,150.7,14015500.0
2021-12-15,149.61,150.79,149.13,149.25,25383933.0
2021-12-16,148.75,149.88,148.73,149.14,18677900.0
2021-12-17,150.34,150.98,150.16,150.83,18094619.0
2021-12-20,150.75,151.02,149.6,149.7,17147300.0
2021-12-21,148.14,149.2,147.62,149.13,16598200.0
2021-12-22,149.73,149.86,149.02,149.82,12253936.0
2021-12-23,149.59,149.6,148.03,148.52,11642576.0
2021-12-27,148.46,149.01,148.32,148.88,7822856.0
2021-12-28,149.6,149.78,148.01,148.29,9176428.0
2021-12-29,146.91,147.31,146.41,146.67,11771223.0
2021-12-30,147.25,147.97,146.45,147.9,10355046.0
2021-12-31,147.81,149.03,147.43,148.19,13402321.0
2022-01-03,146.41,146.94,144.28,144.3,33860400.0
2022-01-04,143.61,144.13,142.74,143.7,21996400.0
2022-01-05,144.14,144.16,142.71,142.92,20911700.0
2022-01-06,142.59,143.44,142.29,143.29,18996400.0
2022-01-07,143.13,143.24,141.56,142.26,18756845.0
2022-01-10,141.65,142.81,141.36,142.61,13775800.0
2022-01-11,142.88,143.63,142.7,143.56,24388906.0
2022-01-12,143.9,144.01,143.0,143.01,14440646.0
2022-01-13,143.39,144.42,143.03,144.28,15166030.0
2022-01-14,143.42,143.46,141.79,142.1,22997531.0
2022-01-18,140.96,141.31,140.02,140.1,21173750.0
2022-01-19,140.53,141.71,140.31,141.07,17930500.0
2022-01-20,141.37,141.99,141.09,141.94,13959000.0
2022-01-21,143.4,144.1,142.67,143.63,28916600.0
2022-01-24,144.3,144.37,142.43,142.45,25005719.0
2022-01-25,143.11,143.71,141.8,142.22,15599000.0
2022-01-26,142.26,142.57,140.49,140.5,23655546.0
2022-01-27,142.41,143.37,142.33,143.08,21501800.0
2022-01-28,142.09,143.46,141.85,143.13,12826512.0
2022-01-31,142.18,142.95,141.96,142.39,13998400.0
2022-02-01,142.28,142.36,141.06,141.72,20806100.0
2022-02-02,141.95,143.57,141.93,142.2,18404600.0
2022-02-03,140.44,141.48,140.18,141.09,17234100.0
2022-02-04,139.85,140.14,138.78,139.01,23609800.0
2022-02-07,138.91,139.31,138.55,139.1,12962436.0
2022-02-08,138.21,138.58,137.82,138.17,16269200.0
2022-02-09,138.72,139.37,138.19,138.43,14349139.0
2022-02-10,137.66,137.83,135.84,136.23,30896240.0
2022-02-11,136.87,138.51,135.36,138.25,43210300.0
2022-02-14,137.13,137.74,135.97,136.53,23157421.0
2022-02-15,135.6,135.84,134.94,134.98,18200703.0
2022-02-16,135.95,136.07,134.51,135.78,16473700.0
2022-02-17,136.45,137.57,135.9,136.79,24508242.0
2022-02-18,137.52,138.37,137.16,138.23,17522600.0
2022-02-22,137.69,138.67,137.47,138.59,19534043.0
2022-02-23,137.68,137.85,136.57,136.68,17757840.0
2022-02-24,139.1,139.37,136.25,136.77,28150400.0
2022-02-25,136.86,137.31,136.18,136.87,15025400.0
2022-02-28,138.43,140.04,138.32,139.87,25817704.0
2022-03-01,140.36,142.33,140.0,141.3,35664400.0
2022-03-02,139.84,140.42,136.41,136.47,30397410.0
2022-03-03,137.49,138.7,137.02,137.86,20649100.0
2022-03-04,140.36,140.82,139.31,140.24,25854808.0
2022-03-07,139.12,140.64,138.77,139.17,23710932.0
2022-03-08,137.51,138.25,137.25,137.77,28331300.0
2022-03-09,137.07,137.34,136.13,136.42,18819200.0
2022-03-10,134.83,135.17,133.72,134.46,26868900.0
2022-03-11,134.33,135.45,134.21,134.91,15583800.0
2022-03-14,132.7,132.89,131.72,131.76,24385000.0
2022-03-15,132.86,133.15,131.19,131.53,17518800.0
2022-03-16,131.83,133.13,130.32,132.82,25857702.0
2022-03-17,132.82,133.34,131.07,131.83,19330600.0
2022-03-18,132.57,133.54,132.57,133.44,55891700.0
2022-03-21,131.28,131.67,129.75,130.35,26122048.0
2022-03-22,128.96,129.34,128.34,128.68,21830900.0
2022-03-23,129.37,131.6,128.86,131.5,21266117.0
2022-03-24,129.65,131.18,129.6,130.47,17141600.0
2022-03-25,129.5,129.52,127.65,128.66,25689789.0
2022-03-28,129.39,130.56,129.04,129.76,17657800.0
2022-03-29,130.56,131.55,129.74,130.74,19319700.0
2022-03-30,130.07,132.01,129.99,131.76,16310219.0
2022-03-31,131.98,132.67,131.66,132.08,19901000.0
2022-04-01,130.01,132.96,129.71,132.38,23489724.0
2022-04-04,131.93,131.98,130.71,131.46,13609923.0
2022-04-05,130.76,130.78,128.29,128.49,25196929.0
2022-04-06,126.43,128.3,126.4,127.45,22952000.0
2022-04-07,126.11,126.67,125.41,126.49,23458800.0
2022-04-08,125.45,125.83,124.26,125.12,26859200.0
2022-04-11,123.92,124.19,122.56,123.14,30020700.0
2022-04-12,124.05,124.16,122.67,122.97,23124200.0
2022-04-13,123.05,124.3,122.89,123.22,17189500.0
2022-04-14,122.86,122.93,120.38,120.75,34274530.0
2022-04-18,120.87,121.08,119.69,120.15,18784300.0
2022-04-19,119.15,119.72,118.67,119.25,26012315.0
2022-04-20,120.22,121.97,119.92,121.65,31423200.0
2022-04-21,120.83,120.91,119.17,120.75,23323244.0
2022-04-22,120.07,121.44,119.81,119.99,19773405.0
2022-04-25,121.38,122.19,121.13,121.19,25418916.0
2022-04-26,122.44,123.03,121.76,122.41,26931347.0
2022-04-27,122.19,122.32,120.77,120.84,14560521.0
2022-04-28,120.39,121.07,120.01,121.02,16892500.0
2022-04-29,119.31,120.97,119.11,119.45,26153421.0
2022-05-02,117.86,118.27,116.93,117.18,29233900.0
2022-05-03,119.04,119.31,117.89,117.97,21256700.0
2022-05-04,117.97,118.97,117.35,118.62,25575700.0
2022-05-05,116.35,116.47,114.02,115.37,48384528.0
2022-05-06,114.14,115.04,113.31,113.67,32790500.0
2022-05-09,112.86,114.71,112.62,114.67,26773036.0
2022-05-10,115.89,116.96,115.48,115.71,33640800.0
2022-05-11,114.74,117.94,114.44,117.94,34173628.0
2022-05-12,118.02,118.89,117.66,117.72,26405700.0
2022-05-13,116.98,117.15,115.9,115.98,20782747.0
2022-05-16,116.21,116.94,115.85,115.86,11050600.0
2022-05-17,114.71,115.35,114.36,114.46,15040800.0
2022-05-18,114.72,117.0,114.61,116.9,21337300.0
2022-05-19,118.64,118.72,116.85,117.18,21937500.0
2022-05-20,117.09,119.02,117.06,118.51,22780940.0
2022-05-23,117.71,118.25,116.54,116.56,15925200.0
2022-05-24,117.9,119.64,117.86,118.86,23388212.0
2022-05-25,119.61,119.62,118.59,119.33,14410842.0
2022-05-26,119.02,119.09,117.8,118.79,14912949.0
2022-05-27,119.36,119.74,118.74,119.08,11190426.0
2022-05-31,117.18,117.23,115.93,116.56,28393700.0
2022-06-01,117.03,117.34,115.69,116.22,15544848.0
2022-06-02,116.63,116.71,115.46,116.28,9832015.0
2022-06-03,115.09,116.06,114.87,116.03,15330410.0
2022-06-06,115.15,115.51,113.81,113.89,20815400.0
2022-06-07,114.61,115.78,114.58,115.12,14278700.0
2022-06-08,114.68,115.13,114.08,114.1,11476139.0
2022-06-09,113.84,114.71,113.68,114.48,15527300.0
2022-06-10,114.36,114.61,112.97,113.77,21917100.0
2022-06-13,111.49,111.67,109.24,110.2,36968312.0
2022-06-14,110.53,110.98,108.59,108.81,21865900.0
2022-06-15,110.09,110.99,109.03,110.84,25202801.0
2022-06-16,108.45,111.72,108.12,111.72,26067300.0
2022-06-17,112.01,112.83,110.96,112.08,21614300.0
2022-06-21,110.09,111.02,109.81,110.18,17663800.0
2022-06-22,112.69,113.31,112.38,113.21,23703814.0
2022-06-23,113.9,115.17,113.49,114.14,20669222.0
2022-06-24,113.46,114.17,112.5,112.56,18161300.0
2022-06-27,111.22,112.22,111.16,111.6,12053040.0
2022-06-28,111.29,112.18,110.87,112.12,13708196.0
2022-06-29,112.38,113.9,112.17,113.87,12925400.0
2022-06-30,114.86,115.77,114.75,114.87,25802128.0
2022-07-01,115.9,117.59,115.22,115.82,21858829.0
2022-07-05,116.89,117.75,116.17,116.73,16689700.0
2022-07-06,117.39,117.54,114.77,114.77,20205400.0
2022-07-07,115.1,115.17,113.51,113.76,13088000.0
2022-07-08,113.5,113.5,112.05,112.5,15320004.0
2022-07-11,113.79,114.79,113.7,114.44,13639942.0
2022-07-12,115.51,116.23,114.97,115.12,18547318.0
2022-07-13,113.77,116.65,113.45,116.44,20594832.0
2022-07-14,115.08,116.16,114.47,115.49,15665000.0
2022-07-15,115.84,116.82,115.6,116.14,16022600.0
2022-07-18,115.25,115.32,114.18,114.93,15838300.0
2022-07-19,114.91,115.15,113.66,114.31,9276800.0
2022-07-20,115.48,115.55,114.05,114.61,9117311.0
2022-07-21,115.19,116.72,115.01,116.59,14754900.0
2022-07-22,118.29,119.27,117.97,118.55,17715311.0
2022-07-25,116.71,117.54,116.47,117.39,24868134.0
2022-07-26,118.86,119.24,117.4,117.48,13536000.0
2022-07-27,118.01,118.49,116.71,116.82,15725600.0
2022-07-28,118.05,118.92,117.32,117.75,16637914.0
2022-07-29,117.7,119.31,117.33,117.43,16655900.0
2022-08-01,118.25,120.1,118.08,120.04,17974600.0
2022-08-02,120.15,120.69,117.29,117.5,17896300.0
2022-08-03,117.17,119.49,116.33,119.35,16731200.0
2022-08-04,118.98,119.55,118.54,119.31,11003006.0
2022-08-05,117.07,117.11,115.89,116.47,19492300.0
2022-08-08,117.64,118.53,117.56,118.35,17477736.0
2022-08-09,117.73,118.36,117.46,117.89,8223201.0
2022-08-10,117.73,118.91,116.73,117.12,14665302.0
2022-08-11,116.87,117.06,114.09,114.39,20663800.0
2022-08-12,115.1,115.57,114.43,115.55,12178401.0
2022-08-15,116.33,116.75,115.45,115.45,9031814.0
2022-08-16,115.25,116.02,114.24,115.93,11066000.0
2022-08-17,115.06,115.1,114.31,114.72,14131300.0
2022-08-18,114.97,115.64,114.59,114.89,10738208.0
2022-08-19,113.23,113.34,112.74,113.04,16330900.0
2022-08-22,112.86,112.96,112.13,112.66,10457236.0
2022-08-23,112.19,113.48,111.74,112.04,17813200.0
2022-08-24,111.49,111.87,110.86,111.22,13971626.0
2022-08-25,111.32,113.09,110.99,112.77,21429700.0
2022-08-26,112.3,113.99,112.01,113.62,18764400.0
2022-08-29,112.94,113.01,112.13,112.68,14278300.0
2022-08-30,112.62,113.51,112.21,112.96,14346600.0
2022-08-31,112.69,113.34,111.58,111.88,13623548.0
2022-09-01,109.87,110.25,108.94,109.6,22490448.0
2022-09-02,109.68,110.56,109.47,110.22,13024448.0
2022-09-06,108.9,108.97,107.42,107.49,24648520.0
2022-09-07,108.32,109.48,108.21,109.19,17050131.0
2022-09-08,108.84,109.52,108.05,108.07,14671400.0
2022-09-09,108.33,108.8,107.63,108.31,12529800.0
2022-09-12,108.63,108.89,106.92,107.42,14806921.0
2022-09-13,106.56,107.74,106.24,107.67,22158900.0
2022-09-14,107.34,108.21,107.12,108.04,13077844.0
2022-09-15,107.85,108.19,107.58,107.97,10260200.0
2022-09-16,107.03,108.05,106.77,107.07,18903848.0
2022-09-19,106.96,107.82,106.8,107.32,11084426.0
2022-09-20,105.69,106.84,105.4,106.25,20133840.0
2022-09-21,106.7,108.04,105.97,108.03,23132922.0
2022-09-22,105.79,105.96,104.73,105.27,29030600.0
2022-09-23,105.34,106.43,104.56,105.7,23042234.0
2022-09-26,105.36,105.41,103.22,103.68,25104600.0
2022-09-27,102.71,102.98,100.9,100.95,34609500.0
2022-09-28,103.13,104.45,102.48,104.33,39283100.0
2022-09-29,102.9,104.23,102.8,103.79,19127141.0
2022-09-30,104.27,104.86,102.23,102.45,26485700.0
2022-10-03,103.85,104.68,103.15,103.83,27192238.0
2022-10-04,104.15,104.65,103.3,103.54,13788739.0
2022-10-05,102.73,102.84,101.58,102.55,20522100.0
2022-10-06,102.59,102.84,101.53,101.98,13965700.0
2022-10-07,100.81,101.62,100.47,100.99,14814800.0
2022-10-10,100.5,100.51,98.8,99.42,15652632.0
2022-10-11,99.74,100.9,98.99,99.86,33246713.0
2022-10-12,99.28,100.54,99.19,100.35,21447600.0
2022-10-13,98.36,100.38,98.34,99.39,30292500.0
2022-10-14,100.19,100.19,98.25,98.57,18732892.0
2022-10-17,99.29,99.66,97.94,98.09,18969900.0
2022-10-18,97.95,98.46,96.87,98.32,16931500.0
2022-10-19,97.19,97.42,96.32,96.53,25431600.0
2022-10-20,95.93,96.33,94.74,94.88,25434934.0
2022-10-21,93.02,93.93,92.26,93.17,46280300.0
2022-10-24,92.82,93.55,91.85,92.4,31332600.0
2022-10-25,94.58,95.23,94.44,95.09,31213113.0
2022-10-26,95.77,96.69,95.77,96.46,24854742.0
2022-10-27,96.98,97.9,96.22,97.47,20270036.0
2022-10-28,96.86,97.63,96.41,96.8,22244100.0
2022-10-31,96.36,96.62,95.03,96.11,23956700.0
2022-11-01,97.38,97.42,96.21,96.77,17585100.0
2022-11-02,96.91,97.63,95.96,96.35,25010515.0
2022-11-03,95.17,96.38,95.09,95.83,29097500.0
2022-11-04,95.1,95.66,94.22,94.22,23561400.0
2022-11-07,94.8,94.86,93.24,93.28,14522820.0
2022-11-08,93.8,94.96,93.77,94.3,20360600.0
2022-11-09,93.82,95.02,93.69,94.61,15637500.0
2022-11-10,96.73,98.43,96.64,98.25,45380900.0
2022-11-11,97.57,98.37,97.54,97.89,15943114.0
2022-11-14,97.91,97.99,97.09,97.65,13741100.0
2022-11-15,98.25,99.3,98.11,99.23,26608200.0
2022-11-16,100.02,101.45,99.74,101.4,28507700.0
2022-11-17,100.2,100.57,99.78,100.33,24536378.0
2022-11-18,100.6,100.89,99.55,99.64,14941300.0
2022-11-21,100.69,100.82,99.8,100.06,15534009.0
2022-11-22,100.65,101.62,100.53,101.48,18103116.0
2022-11-23,102.14,103.25,102.08,103.25,23234600.0
2022-11-25,102.61,102.93,102.43,102.9,9486100.0
2022-11-28,103.61,103.81,102.69,103.19,14569219.0
2022-11-29,102.15,102.96,101.91,101.98,16576438.0
2022-11-30,101.62,102.73,101.37,102.73,21581700.0
2022-12-01,103.15,105.81,103.1,105.76,53156800.0
2022-12-02,105.3,107.1,104.61,107.09,24479525.0
2022-12-05,105.84,105.99,104.9,105.59,20159732.0
2022-12-06,106.5,107.39,106.19,106.95,21754513.0
2022-12-07,108.37,109.68,108.2,109.47,30546700.0
2022-12-08,108.7,109.45,108.47,109.17,13377300.0
2022-12-09,107.94,108.17,106.27,106.33,25872200.0
2022-12-12,107.86,108.11,106.26,106.67,16897100.0
2022-12-13,109.04,109.08,107.46,107.7,23854700.0
2022-12-14,107.66,108.32,106.89,108.16,19517531.0
2022-12-15,108.39,109.12,108.16,108.32,20255470.0
2022-12-16,106.6,107.83,106.31,107.11,20838343.0
2022-12-19,105.83,105.84,104.98,105.31,26126829.0
2022-12-20,103.38,103.81,103.1,103.44,28869030.0
2022-12-21,104.29,104.4,102.96,103.7,15894100.0
2022-12-22,103.67,104.12,103.38,103.68,11322512.0
2022-12-23,102.58,102.81,102.02,102.16,15408900.0
2022-12-27,100.49,101.07,100.01,100.14,26475730.0
2022-12-28,100.65,100.78,99.35,99.55,17302900.0
2022-12-29,99.86,100.99,99.79,100.68,16593000.0
2022-12-30,99.87,100.55,99.37,99.56,20810209.0
2023-01-03,102.2,102.34,100.84,101.46,25313228.0
2023-01-04,103.22,103.48,102.21,102.85,21678210.0
2023-01-05,101.87,103.29,101.78,103.28,14771117.0
2023-01-06,102.7,105.3,102.64,105.18,27473733.0
2023-01-09,104.41,105.93,104.27,105.74,21472200.0
2023-01-10,104.53,104.82,103.5,103.99,20545215.0
2023-01-11,104.97,105.72,104.7,105.68,18794029.0
2023-01-12,105.82,107.81,104.56,107.76,32029608.0
2023-01-13,107.1,107.8,106.38,106.75,17750800.0
2023-01-17,105.67,106.66,105.65,106.06,13911700.0
2023-01-18,108.46,108.77,107.12,108.63,35497241.0
2023-01-19,108.1,108.37,107.44,107.95,17194700.0
2023-01-20,106.96,107.24,106.11,106.2,22754100.0
2023-01-23,105.57,106.2,105.49,105.7,12961516.0
2023-01-24,106.12,107.45,105.39,107.22,16417220.0
2023-01-25,107.37,107.91,106.64,107.48,11906502.0
2023-01-26,107.14,107.65,106.49,106.98,15549400.0
2023-01-27,106.19,106.96,106.11,106.71,11845500.0
2023-01-30,106.46,107.16,106.19,106.32,11459700.0
2023-01-31,106.98,107.28,105.87,107.17,13705345.0
2023-02-01,107.55,108.59,106.42,108.18,25305800.0
2023-02-02,108.92,109.35,108.09,108.32,19548415.0
2023-02-03,106.77,107.11,106.08,106.7,20619500.0
2023-02-06,105.75,106.31,105.68,105.91,15182444.0
2023-02-07,105.33,106.23,105.0,105.06,18290306.0
2023-02-08,105.04,105.58,104.39,105.56,13530700.0
2023-02-09,106.47,106.62,104.39,104.56,20469923.0
2023-02-10,104.4,104.44,103.12,103.39,16598349.0
2023-02-13,103.71,104.42,103.58,104.26,13134300.0
2023-02-14,104.2,104.83,103.14,104.02,15440317.0
2023-02-15,103.55,103.95,102.5,103.05,15567607.0
2023-02-16,102.07,102.22,101.33,101.59,19267327.0
2023-02-17,101.1,102.38,100.97,102.38,19560900.0
2023-02-21,101.01,101.2,100.28,100.39,22728000.0
2023-02-22,100.99,101.69,100.95,101.31,15165423.0
2023-02-23,101.54,102.59,101.47,102.3,15829100.0
2023-02-24,101.44,101.8,100.56,100.97,21403600.0
2023-02-27,101.29,101.7,100.91,101.25,14209200.0
2023-02-28,100.57,101.72,100.28,101.71,14955716.0
2023-03-01,100.82,101.03,99.96,100.37,19000033.0
2023-03-02,99.06,99.65,98.88,99.48,23769180.0
2023-03-03,100.93,101.9,100.57,101.89,30877342.0
2023-03-06,102.22,102.34,100.99,101.1,16631900.0
2023-03-07,101.46,102.37,100.88,101.72,23096500.0
2023-03-08,102.4,102.97,101.42,101.82,20252400.0
2023-03-09,101.55,102.52,101.33,102.07,21550400.0
2023-03-10,104.03,105.69,104.0,105.59,43921500.0
2023-03-13,108.2,109.1,105.04,105.83,51502500.0
2023-03-14,105.14,105.61,103.75,104.09,38417800.0
2023-03-15,106.78,107.71,105.35,106.1,45164118.0
2023-03-16,107.38,108.03,105.04,105.27,43103531.0
2023-03-17,106.65,107.73,106.46,106.85,38129000.0
2023-03-20,106.88,106.96,105.72,105.91,24242800.0
2023-03-21,105.08,105.42,104.54,105.0,18934923.0
2023-03-22,104.66,106.45,104.44,106.4,26388500.0
2023-03-23,105.36,106.55,104.82,106.4,25475128.0
2023-03-24,107.09,107.43,106.26,106.85,23657586.0
2023-03-27,105.05,105.76,104.33,104.34,22224508.0
2023-03-28,104.24,104.68,104.02,104.53,17794343.0
2023-03-29,103.7,104.45,103.6,104.32,16804400.0
2023-03-30,104.46,105.05,104.27,104.8,14315802.0
2023-03-31,105.35,106.56,105.08,106.37,25396700.0
2023-04-03,105.88,107.1,105.7,106.6,18234843.0
2023-04-04,105.78,107.8,105.75,107.13,18052419.0
2023-04-05,107.77,108.37,107.41,108.25,23047703.0
2023-04-06,108.42,108.87,108.39,108.53,16447300.0
2023-04-10,107.64,107.76,106.56,106.78,19134400.0
2023-04-11,107.05,107.09,106.51,107.0,13971249.0
2023-04-12,107.05,107.17,105.88,106.89,20563001.0
2023-04-13,107.05,107.39,105.88,106.05,22079400.0
2023-04-14,105.39,105.55,104.77,105.08,19801900.0
2023-04-17,104.42,104.59,103.71,103.83,19528811.0
2023-04-18,103.81,104.59,103.8,104.2,15922623.0
2023-04-19,103.91,104.24,103.48,104.1,16093905.0
2023-04-20,104.83,105.28,104.75,104.99,16450100.0
2023-04-21,105.3,105.46,104.27,104.4,15244718.0
2023-04-24,104.96,105.49,104.84,105.41,17034309.0
2023-04-25,106.33,107.13,106.28,106.96,21899900.0
2023-04-26,106.79,107.24,105.67,105.82,19610403.0
2023-04-27,105.2,105.27,104.61,104.77,20247619.0
2023-04-28,106.21,106.76,105.86,106.46,26954077.0
2023-05-01,105.27,105.42,102.84,103.13,32487300.0
2023-05-02,104.0,105.7,103.89,105.7,30057800.0
2023-05-03,106.0,106.6,105.28,106.29,23656200.0
2023-05-04,105.22,106.45,105.15,105.24,25110500.0
2023-05-05,104.35,104.9,104.11,104.89,15096463.0
2023-05-08,103.52,103.87,103.32,103.42,20587042.0
2023-05-09,103.5,103.64,103.0,103.05,19182506.0
2023-05-10,103.67,104.24,103.64,104.05,22886805.0
2023-05-11,105.3,105.52,104.72,105.15,19147223.0
2023-05-12,105.05,105.25,104.25,104.27,14198538.0
2023-05-15,103.39,103.47,103.12,103.19,20085302.0
2023-05-16,102.4,102.9,102.11,102.88,29251700.0
2023-05-17,103.08,103.16,102.35,102.58,21340900.0
2023-05-18,102.2,102.26,101.75,101.82,25536613.0
2023-05-19,101.26,101.86,100.93,101.1,29038022.0
2023-05-22,101.25,101.71,100.67,100.74,20131107.0
2023-05-23,100.43,101.25,100.28,101.03,21749500.0
2023-05-24,101.28,101.36,100.53,100.53,18473400.0
2023-05-25,100.7,100.8,100.03,100.28,22492819.0
2023-05-26,100.12,101.17,100.0,101.09,17030300.0
2023-05-30,101.4,102.24,101.25,102.1,23125200.0
2023-05-31,101.99,103.18,101.87,102.99,23787034.0
2023-06-01,103.28,103.63,102.63,103.12,21040400.0
2023-06-02,103.0,103.07,101.94,101.99,19136515.0
2023-06-05,101.35,102.44,101.21,101.8,14433200.0
2023-06-06,101.84,102.47,101.39,102.4,14332121.0
2023-06-07,102.17,102.43,100.78,100.88,25251100.0
2023-06-08,100.87,102.14,100.8,102.06,23848659.0
2023-06-09,101.6,102.27,101.34,101.92,22148561.0
2023-06-12,102.24,102.3,101.12,102.22,19024132.0
2023-06-13,102.11,102.33,100.97,101.21,25910828.0
2023-06-14,101.63,102.29,101.46,102.02,29094244.0
2023-06-15,103.03,103.63,102.6,103.0,25732000.0
2023-06-16,102.44,102.83,102.03,102.6,16759084.0
2023-06-20,103.11,103.66,103.11,103.31,17163972.0
2023-06-21,102.81,103.65,102.34,103.56,19720142.0
2023-06-22,102.8,103.25,102.2,102.31,23633350.0
2023-06-23,103.83,103.95,102.98,103.33,22901918.0
2023-06-26,103.62,103.8,103.16,103.44,12894937.0
2023-06-27,103.59,103.95,102.76,103.17,18105700.0
2023-06-28,103.41,103.84,102.83,103.61,23826807.0
2023-06-29,102.17,102.34,101.45,101.74,41091617.0
2023-06-30,102.06,103.06,101.87,102.94,32024910.0
2023-07-03,102.84,103.26,102.06,102.08,16011810.0
2023-07-05,101.89,102.0,100.74,101.11,28170300.0
2023-07-06,100.2,100.38,99.47,99.68,41375735.0
2023-07-07,99.18,99.6,98.99,99.08,28996478.0
2023-07-10,98.86,99.53,98.85,99.21,24665200.0
2023-07-11,99.57,99.97,99.29,99.72,20491147.0
2023-07-12,100.1,101.12,99.77,100.83,31928000.0
2023-07-13,101.31,101.97,101.03,101.89,32441500.0
2023-07-14,101.72,101.94,101.24,101.29,18568974.0
2023-07-17,101.23,101.49,100.92,101.34,18828245.0
2023-07-18,101.8,102.07,101.57,101.8,15412800.0
2023-07-19,102.0,102.98,101.73,102.95,27192500.0
2023-07-20,102.22,102.31,101.28,101.7,56951200.0
2023-07-21,102.16,102.35,101.63,101.73,20657453.0
2023-07-24,101.99,102.15,101.3,101.36,17546711.0
2023-07-25,100.83,101.5,100.8,101.17,17160600.0
2023-07-26,101.68,101.69,100.93,101.27,19310700.0
2023-07-27,100.71,100.93,98.91,99.3,44794400.0
2023-07-28,99.4,99.86,99.15,99.81,27434000.0
2023-07-31,99.65,100.33,99.62,100.05,28665164.0
2023-08-01,98.84,98.92,97.9,98.14,34985340.0
2023-08-02,97.04,97.24,96.41,97.09,38121300.0
2023-08-03,95.19,95.32,94.54,94.85,59449684.0
2023-08-04,95.15,96.68,95.13,96.53,42071834.0
2023-08-07,96.11,96.2,95.5,95.58,35862900.0
2023-08-08,96.86,97.37,96.44,96.69,24010511.0
2023-08-09,96.88,97.29,96.84,97.19,20151127.0
2023-08-10,97.04,97.36,95.59,95.59,37253246.0
2023-08-11,95.3,95.87,95.2,95.37,26753471.0
2023-08-14,95.21,95.93,94.9,95.16,19072000.0
2023-08-15,94.8,95.2,94.56,94.58,24125027.0
2023-08-16,94.28,94.79,93.72,93.84,23076700.0
2023-08-17,93.5,93.61,93.02,93.44,32244900.0
2023-08-18,93.43,94.19,93.3,93.77,24181708.0
2023-08-21,92.66,92.76,92.23,92.52,29254118.0
2023-08-22,92.64,93.28,92.46,93.23,21323100.0
2023-08-23,94.3,95.55,94.23,95.54,38294700.0
2023-08-24,95.13,95.55,94.89,94.91,22300818.0
2023-08-25,94.66,95.51,94.51,95.22,23865213.0
2023-08-28,95.65,95.66,94.89,95.32,16037346.0
2023-08-29,94.97,96.51,94.94,96.31,28478118.0
2023-08-30,96.16,96.4,95.88,96.21,17550106.0
2023-08-31,96.54,97.05,96.43,96.64,26959700.0
2023-09-01,95.8,95.82,94.62,94.85,32469677.0
2023-09-05,94.28,94.29,93.49,93.52,29435900.0
2023-09-06,94.09,94.11,93.46,93.75,23636300.0
2023-09-07,94.0,94.07,93.68,94.01,18091500.0
2023-09-08,94.38,94.9,94.17,94.37,17054175.0
2023-09-11,93.7,93.98,93.55,93.69,17061500.0
2023-09-12,93.89,94.24,93.58,94.23,20034330.0
2023-09-13,93.92,94.53,93.82,94.21,23332300.0
2023-09-14,93.94,94.21,93.4,93.53,27800615.0
2023-09-15,93.46,93.48,92.96,92.96,25642922.0
2023-09-18,92.85,93.53,92.82,93.49,17963400.0
2023-09-19,93.08,93.43,92.8,92.8,24947684.0
2023-09-20,93.29,93.6,93.04,93.09,29451200.0
2023-09-21,91.29,91.37,90.69,90.7,59958747.0
2023-09-22,90.81,91.61,90.67,91.43,29530323.0
2023-09-25,89.66,90.04,89.15,89.18,45587914.0
2023-09-26,89.43,89.62,88.71,88.87,38104127.0
2023-09-27,89.54,89.62,88.09,88.41,47111201.0
2023-09-28,87.62,88.73,87.1,88.68,60238010.0
2023-09-29,89.27,89.49,88.13,88.69,49010145.0
2023-10-02,87.82,87.93,86.71,86.93,44704300.0
2023-10-03,86.31,86.65,84.89,85.06,71362641.0
2023-10-04,85.77,86.31,85.37,86.26,56281600.0
2023-10-05,86.11,86.19,85.64,85.83,35758800.0
2023-10-06,84.2,85.69,84.06,84.79,62787857.0
2023-10-09,85.5,86.8,84.95,86.78,29424900.0
2023-10-10,85.85,87.17,85.52,86.66,54743911.0
2023-10-11,87.85,88.47,87.6,88.47,58517700.0
2023-10-12,88.05,88.19,85.93,86.07,66986734.0
2023-10-13,87.6,87.83,87.17,87.61,44203089.0
2023-10-16,86.19,86.37,85.9,86.2,38309800.0
2023-10-17,84.89,85.63,84.5,85.25,52949100.0
2023-10-18,84.38,84.72,83.85,84.5,63724616.0
2023-10-19,83.88,84.57,82.74,82.77,87696929.0
2023-10-20,82.99,83.54,82.77,83.24,52188750.0
2023-10-23,82.81,84.86,82.42,84.24,70890435.0
2023-10-24,84.44,85.35,84.09,85.35,46267700.0
2023-10-25,84.02,84.13,83.13,83.45,60737200.0
2023-10-26,83.48,84.82,83.4,84.73,49704100.0
2023-10-27,84.19,84.97,83.74,84.37,32362300.0
2023-10-30,83.81,84.5,83.24,83.99,45026920.0
2023-10-31,84.37,84.77,83.55,83.58,37269235.0
2023-11-01,84.04,85.12,84.02,85.1,72308500.0
2023-11-02,86.68,87.31,86.22,87.04,69739400.0
2023-11-03,88.81,89.05,87.58,87.63,77692250.0
2023-11-06,87.07,87.2,86.6,86.78,41341900.0
2023-11-07,87.61,88.5,87.59,88.06,37834200.0
2023-11-08,88.48,89.62,88.45,89.56,53893400.0
2023-11-09,88.94,89.03,86.74,87.5,88975100.0
2023-11-10,88.23,88.43,87.77,87.99,36594021.0
2023-11-13,87.22,87.94,86.9,87.79,25661516.0
2023-11-14,90.0,90.15,89.29,89.78,65666823.0
2023-11-15,89.01,89.14,88.31,88.52,56205300.0
2023-11-16,89.3,89.96,89.25,89.62,49473900.0
2023-11-17,90.16,90.43,89.64,90.04,44100610.0
2023-11-20,89.62,90.66,89.61,90.59,40517570.0
2023-11-21,90.5,90.8,89.89,90.55,27721000.0
2023-11-22,91.12,91.32,90.38,90.87,31215577.0
2023-11-24,90.1,90.26,89.79,89.8,20199626.0
2023-11-27,90.3,91.34,90.21,91.3,39804428.0
2023-11-28,90.91,91.53,90.79,91.48,44989300.0
2023-11-29,92.11,92.7,91.78,92.63,61647846.0
2023-11-30,91.97,92.29,91.16,91.56,60520900.0
2023-12-01,91.31,93.06,91.13,92.99,64172227.0
2023-12-04,92.49,92.83,92.09,92.62,33766300.0
2023-12-05,93.63,94.62,93.57,94.61,73588600.0
2023-12-06,95.08,96.05,94.87,95.87,61606100.0
2023-12-07,95.18,96.08,95.06,95.32,47970200.0
2023-12-08,94.42,94.72,93.91,94.54,44809246.0
2023-12-11,94.01,94.44,93.53,94.34,33909733.0
2023-12-12,94.15,94.7,93.9,94.62,36996909.0
2023-12-13,95.17,96.98,95.02,96.84,70828500.0
2023-12-14,97.66,99.04,97.42,99.04,87798600.0
2023-12-15,98.69,99.35,98.58,99.15,59941256.0
2023-12-18,98.5,98.5,98.02,98.36,34746018.0
2023-12-19,98.86,99.26,98.66,98.89,30018415.0
2023-12-20,99.11,99.69,98.58,99.56,51229400.0
2023-12-21,99.74,99.84,98.75,98.93,65231200.0
2023-12-22,99.38,99.38,98.24,98.48,29244249.0
2023-12-26,98.54,98.87,98.48,98.76,24019749.0
2023-12-27,99.78,100.53,99.5,100.51,45082814.0
2023-12-28,100.09,100.57,99.56,99.78,36213000.0
2023-12-29,99.13,99.82,98.8,98.88,41616185.0
2024-01-02,98.23,98.65,98.0,98.31,47797425.0
2024-01-03,97.38,98.85,97.15,98.72,58159500.0
2024-01-04,97.42,97.64,97.07,97.22,52604511.0
2024-01-05,96.5,97.68,96.21,96.29,45894801.0
2024-01-08,96.23,97.38,96.09,97.24,39485848.0
2024-01-09,96.64,97.17,96.59,96.62,34374000.0
2024-01-10,96.92,97.05,96.12,96.17,48227800.0
2024-01-11,96.17,96.83,95.71,96.71,78858911.0
2024-01-12,96.78,97.27,96.27,96.52,38883928.0
2024-01-16,95.62,95.79,94.51,94.82,61716700.0
2024-01-17,94.6,95.0,94.16,94.67,55506807.0
2024-01-18,94.46,94.58,93.51,93.79,77339100.0
2024-01-19,93.71,94.17,93.26,94.09,47030912.0
2024-01-22,94.82,95.08,94.39,94.65,35756416.0
2024-01-23,93.89,93.99,93.43,93.9,35786747.0
2024-01-24,94.51,94.54,93.1,93.35,54574914.0
2024-01-25,94.0,94.22,93.57,93.96,57019409.0
2024-01-26,93.93,94.07,93.49,93.78,29276900.0
2024-01-29,94.31,95.17,94.12,94.86,38243600.0
2024-01-30,95.48,95.84,94.74,95.72,40151415.0
2024-01-31,96.22,96.91,96.0,96.66,80646722.0
2024-02-01,97.42,98.67,97.19,98.24,84291219.0
2024-02-02,96.27,96.62,95.69,96.07,63823250.0
2024-02-05,94.63,94.85,94.02,94.13,53827400.0
2024-02-06,94.24,95.15,94.21,95.05,33411500.0
2024-02-07,94.57,95.23,94.52,94.59,40120215.0
2024-02-08,94.02,94.3,93.66,94.04,50087700.0
2024-02-09,93.76,94.01,93.66,93.85,27951308.0
2024-02-12,93.9,94.14,93.5,93.96,27890300.0
2024-02-13,92.86,93.06,92.33,92.35,49768500.0
2024-02-14,92.3,93.05,92.23,92.82,44191600.0
2024-02-15,93.56,93.72,93.0,93.3,49598500.0
2024-02-16,92.48,92.85,92.34,92.76,33116772.0
2024-02-20,92.79,93.19,92.72,92.84,24469329.0
2024-02-21,92.83,92.9,92.01,92.18,36404244.0
2024-02-22,92.33,92.76,92.27,92.63,45190700.0
2024-02-23,92.75,94.0,92.75,93.87,38406710.0
2024-02-26,94.0,94.03,93.19,93.59,27855044.0
2024-02-27,93.24,93.47,92.85,92.93,30242000.0
2024-02-28,93.08,93.6,92.9,93.52,34574200.0
2024-02-29,93.82,94.3,93.78,94.18,51038614.0
2024-03-01,93.44,94.51,93.01,94.47,45832788.0
2024-03-04,93.7,94.16,93.68,94.09,23864210.0
2024-03-05,95.23,95.68,94.97,95.43,37721900.0
2024-03-06,95.49,96.17,95.41,95.99,40571600.0
2024-03-07,96.36,96.4,95.48,95.9,39075047.0
2024-03-08,95.8,96.05,95.48,95.73,25023234.0
2024-03-11,95.96,96.01,95.37,95.68,17787915.0
2024-03-12,95.04,95.21,94.69,94.88,29566000.0
2024-03-13,94.5,94.74,94.21,94.42,38270100.0
2024-03-14,93.73,93.75,92.86,92.97,58365600.0
2024-03-15,93.06,93.19,92.79,92.94,34997707.0
2024-03-18,92.73,92.99,92.5,92.66,29519539.0
2024-03-19,92.85,93.27,92.69,92.92,26953132.0
2024-03-20,93.1,93.79,92.29,92.89,43460100.0
2024-03-21,93.27,93.43,92.73,93.09,34276643.0
2024-03-22,94.19,94.21,93.78,93.98,30262284.0
2024-03-25,93.71,93.75,93.3,93.51,24011800.0
2024-03-26,93.51,93.87,93.28,93.77,34423000.0
2024-03-27,93.99,94.7,93.94,94.7,50157816.0
2024-03-28,94.49,95.02,94.32,94.62,34540428.0
2024-04-01,93.29,93.3,92.46,92.55,48945448.0
2024-04-02,91.57,92.2,91.34,92.04,43086304.0
2024-04-03,91.26,92.05,91.05,92.02,45494441.0
2024-04-04,92.63,92.76,92.04,92.68,47957413.0
2024-04-05,91.69,92.18,91.38,91.39,42495899.0
2024-04-08,91.23,91.59,91.13,91.38,37879800.0
2024-04-09,91.87,92.36,91.84,92.23,32537023.0
2024-04-10,91.2,91.3,90.05,90.22,74368942.0
2024-04-11,90.38,90.44,89.51,89.81,65751200.0
2024-04-12,90.64,90.95,90.28,90.29,47900106.0
2024-04-15,89.22,89.26,88.52,88.89,55993100.0
2024-04-16,88.05,88.58,87.79,88.3,45103244.0
2024-04-17,88.87,89.38,88.46,89.28,57947000.0
2024-04-18,89.24,89.27,88.59,88.83,43839500.0
2024-04-19,89.39,89.39,88.91,89.15,44826771.0
2024-04-22,88.68,89.12,88.65,89.0,24969046.0
2024-04-23,88.73,89.54,88.55,89.03,27222722.0
2024-04-24,88.56,88.63,87.5,88.4,48986800.0
2024-04-25,87.46,87.9,87.34,87.78,49282640.0
2024-04-26,88.25,88.61,88.05,88.24,31589821.0
2024-04-29,88.66,89.02,88.48,88.98,39228621.0
2024-04-30,88.42,88.73,88.1,88.22,41054700.0
2024-05-01,88.6,89.21,88.24,88.56,59679513.0
2024-05-02,88.21,89.01,88.03,88.94,58925400.0
2024-05-03,89.93,90.12,89.27,89.84,50066100.0
2024-05-06,89.87,90.25,89.67,90.19,23868200.0
2024-05-07,90.9,91.24,90.61,90.74,30525831.0
2024-05-08,90.31,90.46,90.16,90.19,31171700.0
2024-05-09,89.87,90.77,89.82,90.63,39606723.0
2024-05-10,90.28,90.38,89.96,90.12,21913800.0
2024-05-13,90.55,90.61,90.31,90.35,23157500.0
2024-05-14,90.65,90.92,90.42,90.86,25746400.0
2024-05-15,91.87,92.26,91.63,92.1,65142900.0
2024-05-16,92.39,92.42,91.94,92.01,37902425.0
2024-05-17,91.64,91.8,91.34,91.39,24755012.0
2024-05-20,91.08,91.32,91.01,91.12,17922808.0
2024-05-21,91.73,91.77,91.43,91.59,15334425.0
2024-05-22,91.27,91.78,91.26,91.7,38073722.0
2024-05-23,91.8,91.8,90.82,91.11,51294700.0
2024-05-24,90.97,91.47,90.9,91.38,19164425.0
2024-05-28,91.33,91.36,90.03,90.07,45973742.0
2024-05-29,89.34,89.4,88.68,88.98,45508400.0
2024-05-30,89.6,89.97,89.44,89.84,29571700.0
2024-05-31,90.48,90.66,90.25,90.45,41308832.0
2024-06-03,90.64,91.67,90.61,91.6,42272100.0
2024-06-04,92.2,92.8,91.99,92.67,42581500.0
2024-06-05,93.0,93.35,92.39,93.35,43153900.0
2024-06-06,92.92,93.43,92.86,93.21,22891900.0
2024-06-07,91.83,91.83,91.4,91.5,35240500.0
2024-06-10,91.0,91.06,90.65,90.89,20593244.0
2024-06-11,91.03,91.87,90.92,91.83,30329207.0
2024-06-12,93.02,93.57,92.49,92.52,42554600.0
2024-06-13,93.22,93.99,92.95,93.88,33093800.0
2024-06-14,94.42,94.84,94.24,94.67,28776710.0
2024-06-17,93.52,93.81,93.28,93.73,31040202.0
2024-06-18,93.89,94.6,93.73,94.59,26881038.0
2024-06-20,93.41,94.0,93.34,93.96,30246300.0
2024-06-21,94.24,94.48,93.59,93.96,22830900.0
2024-06-24,94.05,94.34,93.74,94.34,56939100.0
2024-06-25,94.07,94.55,94.04,94.5,23160000.0
2024-06-26,93.28,93.47,93.11,93.15,38489135.0
2024-06-27,93.52,93.71,93.42,93.52,23140800.0
2024-06-28,93.73,93.77,91.78,91.78,55119600.0
2024-07-01,90.42,91.08,89.82,89.91,49735400.0
2024-07-02,90.68,90.81,90.08,90.61,34204719.0
2024-07-03,91.17,91.89,91.09,91.8,35563313.0
2024-07-05,92.27,92.73,91.9,92.56,34895512.0
2024-07-08,92.54,92.85,92.22,92.76,16095700.0
2024-07-09,92.47,92.68,91.87,92.35,30304136.0
2024-07-10,92.45,92.68,92.26,92.64,23572500.0
2024-07-11,93.68,94.14,93.47,93.54,49761800.0
2024-07-12,93.53,93.94,93.34,93.94,27796500.0
2024-07-15,93.0,93.3,92.78,92.86,37918900.0
2024-07-16,93.53,94.21,93.39,94.17,36383720.0
2024-07-17,93.92,94.4,93.69,94.19,29036838.0
2024-07-18,93.68,94.14,93.38,93.47,34553100.0
2024-07-19,93.04,93.16,92.82,92.92,32164700.0
2024-07-22,93.4,93.52,92.3,92.65,36160400.0
2024-07-23,92.81,93.03,92.49,92.52,23498000.0
2024-07-24,92.59,92.85,91.47,91.52,50757116.0
2024-07-25,92.03,92.86,91.96,92.27,44999100.0
2024-07-26,92.95,93.15,92.71,92.99,34423800.0
2024-07-29,93.67,93.69,93.22,93.49,25801347.0
2024-07-30,93.75,94.05,93.3,93.85,28169820.0
2024-07-31,94.53,94.84,94.24,94.81,47445300.0
2024-08-01,95.14,95.91,95.12,95.31,77254240.0
2024-08-02,97.0,98.37,96.89,98.28,91912942.0
2024-08-05,99.69,99.94,97.9,98.8,90686310.0
2024-08-06,98.15,98.41,96.59,96.59,61316900.0
2024-08-07,95.95,96.45,95.5,95.91,51337133.0
2024-08-08,95.12,95.4,94.84,95.32,37815800.0
2024-08-09,96.51,96.54,96.09,96.26,32141800.0
2024-08-12,96.03,96.82,95.88,96.61,24261400.0
2024-08-13,97.3,97.36,96.98,97.28,30366938.0
2024-08-14,97.55,98.16,97.51,97.89,31334100.0
2024-08-15,96.41,97.1,96.21,97.1,38723700.0
2024-08-16,97.44,97.54,97.01,97.44,28541000.0
2024-08-19,97.42,98.16,97.41,97.89,25322138.0
2024-08-20,98.32,98.86,98.12,98.67,25239303.0
2024-08-21,98.67,99.2,98.21,98.73,29230000.0
2024-08-22,98.23,98.3,97.43,97.75,33453848.0
2024-08-23,98.19,98.67,97.96,98.39,32005100.0
2024-08-26,98.69,98.7,98.08,98.14,23198710.0
2024-08-27,97.49,98.08,97.41,97.97,21507700.0
2024-08-28,98.01,98.2,97.73,97.85,18501411.0
2024-08-29,97.37,97.64,97.13,97.53,24988243.0
2024-08-30,97.68,97.99,96.47,96.49,42896200.0
2024-09-03,97.56,98.06,97.42,97.75,48947900.0
2024-09-04,97.88,99.03,97.81,99.01,40885200.0
2024-09-05,99.34,99.68,98.78,99.57,47450900.0
2024-09-06,99.55,100.78,99.19,99.56,57406404.0
2024-09-09,99.4,100.1,99.16,99.99,26961402.0
2024-09-10,99.87,100.91,99.82,100.69,31703409.0
2024-09-11,100.49,101.24,100.35,100.61,39497100.0
2024-09-12,100.36,100.55,99.69,100.14,41812529.0
2024-09-13,100.46,100.61,100.02,100.41,25722135.0
2024-09-16,100.63,101.37,100.41,101.33,30866300.0
2024-09-17,101.47,101.64,100.74,100.84,31699400.0
2024-09-18,100.24,100.73,99.54,99.59,48897047.0
2024-09-19,98.92,99.31,98.77,99.26,39979816.0
2024-09-20,98.99,99.25,98.72,98.88,37067600.0
2024-09-23,98.5,99.09,98.02,98.67,35703932.0
2024-09-24,98.0,98.89,97.85,98.65,31005400.0
2024-09-25,98.26,98.32,97.79,97.83,36738236.0
2024-09-26,98.07,98.25,97.42,98.06,33332315.0
2024-09-27,98.54,98.76,98.21,98.57,28317628.0
2024-09-30,98.64,98.71,97.88,98.1,34208260.0
2024-10-01,98.8,99.33,98.39,98.49,45254237.0
2024-10-02,97.36,97.73,97.06,97.66,35810800.0
2024-10-03,97.34,97.51,96.74,96.74,39677800.0
2024-10-04,95.44,95.96,95.4,95.55,56970281.0
2024-10-07,94.98,95.27,94.76,94.83,42606634.0
2024-10-08,94.39,95.03,94.34,94.99,33709600.0
2024-10-09,94.67,94.91,94.23,94.45,35807700.0
2024-10-10,93.88,94.09,93.41,94.08,53667400.0
2024-10-11,93.48,94.07,93.42,93.7,27406423.0
2024-10-14,93.04,93.78,92.98,93.77,28795344.0
2024-10-15,94.46,95.0,94.37,94.91,46429100.0
2024-10-16,95.39,95.62,95.14,95.31,32281500.0
2024-10-17,94.29,94.44,93.67,93.8,43427214.0
2024-10-18,94.05,94.28,93.86,93.87,25258632.0
2024-10-21,93.02,93.09,92.23,92.23,49504700.0
2024-10-22,92.65,92.76,92.09,92.32,32096900.0
2024-10-23,91.84,92.37,91.66,92.07,33354245.0
2024-10-24,92.23,93.0,91.96,92.66,32507400.0
2024-10-25,92.99,93.04,92.02,92.14,28667100.0
2024-10-28,92.27,92.29,91.42,91.89,33156500.0
2024-10-29,91.17,92.06,90.98,92.03,46545204.0
2024-10-30,92.84,93.29,92.16,92.3,41951100.0
2024-10-31,92.2,92.94,91.87,92.45,52173800.0
2024-11-01,92.26,92.52,90.8,90.84,80402000.0
2024-11-04,92.28,92.57,91.63,92.25,49747600.0
2024-11-05,92.03,92.9,91.6,92.74,46986037.0
2024-11-06,89.64,90.72,89.55,90.2,98895700.0
2024-11-07,90.75,91.62,90.65,91.33,56221411.0
2024-11-08,92.0,92.6,91.84,92.49,56756200.0
2024-11-11,92.25,92.3,91.62,92.04,22369200.0
2024-11-12,91.37,91.85,90.51,90.66,57908400.0
2024-11-13,91.52,91.54,89.72,89.8,49009127.0
2024-11-14,90.56,91.03,90.27,90.32,53328347.0
2024-11-15,89.92,90.65,89.51,90.08,73722402.0
2024-11-18,89.66,90.59,89.42,90.24,36058700.0
2024-11-19,90.82,91.07,90.62,90.7,29585102.0
2024-11-20,90.15,90.83,90.11,90.41,27755434.0
2024-11-21,90.45,90.85,90.0,90.34,28365740.0
2024-11-22,90.51,90.7,90.15,90.39,21547548.0
2024-11-25,92.2,92.78,91.99,92.73,56858036.0
2024-11-26,92.16,92.44,91.81,92.37,31122249.0
2024-11-27,93.04,93.38,92.67,93.01,39442200.0
2024-11-29,93.78,93.99,93.44,93.97,31905735.0
2024-12-02,93.27,94.15,93.0,93.87,39406033.0
2024-12-03,93.93,94.03,92.99,93.06,32768900.0
2024-12-04,92.61,94.19,92.54,94.06,35851100.0
2024-12-05,93.72,94.39,93.66,94.25,23695821.0
2024-12-06,94.72,94.85,94.02,94.39,31761525.0
2024-12-09,93.99,94.04,93.47,93.52,30509600.0
2024-12-10,93.02,93.3,92.91,93.08,28706500.0
2024-12-11,93.07,93.29,92.11,92.2,38748400.0
2024-12-12,91.64,91.75,91.0,91.08,45368400.0
2024-12-13,90.8,90.85,90.08,90.15,39486000.0
2024-12-16,90.55,90.62,90.05,90.42,23482300.0
2024-12-17,90.52,90.99,90.46,90.64,23839900.0
2024-12-18,89.97,90.37,89.14,89.16,61328421.0
2024-12-19,88.07,88.39,87.51,87.81,99083313.0
2024-12-20,88.53,88.91,88.29,88.31,45542412.0
2024-12-23,88.16,88.23,87.44,87.5,32764600.0
2024-12-24,87.04,87.89,86.98,87.87,22377628.0
2024-12-26,87.21,87.96,87.2,87.82,19996215.0
2024-12-27,87.48,87.78,87.06,87.1,27262321.0
2024-12-30,87.83,88.04,87.67,87.8,48519626.0
2024-12-31,88.13,88.28,87.26,87.33,31917307.0
2025-01-02,87.8,88.12,87.21,87.57,27841300.0
2025-01-03,87.72,87.88,87.18,87.29,21962204.0
2025-01-06,87.05,87.23,86.67,86.9,30231500.0
2025-01-07,86.6,86.77,85.79,85.92,41757200.0
2025-01-08,85.47,86.2,85.34,86.03,44590800.0
2025-01-10,85.28,85.85,85.16,85.46,47115832.0
2025-01-13,85.53,85.66,85.04,85.43,33258924.0
2025-01-14,85.23,85.36,84.89,85.29,33412900.0
2025-01-15,86.7,86.98,86.4,86.76,54120729.0
2025-01-16,86.64,87.4,86.28,87.04,34651100.0
2025-01-17,87.43,87.48,87.04,87.19,29875611.0
2025-01-21,87.89,88.17,87.63,87.97,30548614.0
2025-01-22,87.87,87.98,87.32,87.51,25278409.0
2025-01-23,86.64,86.99,86.53,86.83,31949017.0
2025-01-24,86.72,87.28,86.6,87.22,21110400.0
2025-01-27,88.16,88.43,87.85,88.25,42864203.0
2025-01-28,87.84,88.2,87.66,88.19,25519105.0
2025-01-29,88.43,88.62,87.63,88.01,25342800.0
2025-01-30,88.41,88.71,88.17,88.34,25094900.0
2025-01-31,88.38,88.66,87.43,87.76,48812500.0
2025-02-03,88.58,89.1,87.8,88.16,70657233.0
2025-02-04,87.55,88.45,87.48,88.43,33414000.0
2025-02-05,89.45,90.18,89.39,89.89,48331200.0
2025-02-06,89.86,90.15,89.55,89.85,22509940.0
2025-02-07,89.24,89.45,88.94,89.27,31171245.0
2025-02-10,89.26,89.53,88.85,89.0,22736100.0
2025-02-11,88.53,88.68,88.38,88.43,21513015.0
2025-02-12,87.29,87.6,86.86,87.23,48536211.0
2025-02-13,88.09,88.89,88.07,88.68,42718100.0
2025-02-14,89.38,89.68,89.12,89.15,27460743.0
2025-02-18,88.54,88.84,88.04,88.1,29429200.0
2025-02-19,87.95,88.45,87.89,88.21,20584304.0
2025-02-20,88.45,88.76,88.45,88.54,27913442.0
2025-02-21,88.87,89.93,88.82,89.61,46912348.0
2025-02-24,89.33,90.06,89.26,89.87,26218000.0
2025-02-25,90.97,91.5,90.8,91.42,50125100.0
2025-02-26,91.42,92.06,91.2,91.96,32220200.0
2025-02-27,91.31,91.79,91.14,91.31,53373600.0
2025-02-28,91.85,92.48,91.47,92.43,49388600.0
2025-03-03,91.41,92.71,91.37,92.57,42904200.0
2025-03-04,92.44,92.79,91.27,91.43,56722000.0
2025-03-05,91.56,91.8,90.61,90.7,50215938.0
2025-03-06,90.48,90.8,89.73,90.4,42827500.0
2025-03-07,91.14,91.16,89.99,90.11,36903632.0
2025-03-10,91.08,91.63,90.91,91.05,41440800.0
2025-03-11,90.97,91.49,90.14,90.4,40555700.0
2025-03-12,90.0,90.38,89.78,89.86,32734600.0
2025-03-13,89.58,90.71,89.38,90.65,38675413.0
2025-03-14,90.01,90.41,89.86,90.17,24658000.0
2025-03-17,90.8,91.18,90.38,90.62,26700300.0
2025-03-18,90.14,91.02,90.12,90.71,23654748.0
2025-03-19,90.68,91.22,90.38,91.18,31378713.0
2025-03-20,92.2,92.24,91.16,91.24,35645824.0
2025-03-21,91.33,91.44,90.62,90.7,29192100.0
2025-03-24,90.2,90.26,89.7,89.77,27985600.0
2025-03-25,89.57,90.08,89.51,89.76,22333833.0
2025-03-26,89.39,89.6,89.09,89.17,25165323.0
2025-03-27,88.85,89.03,88.63,88.91,23674536.0
2025-03-28,89.88,90.34,89.81,90.14,39869400.0
2025-03-31,91.23,91.34,90.36,91.03,38824321.0
2025-04-01,91.25,91.91,91.21,91.49,39800100.0
2025-04-02,92.37,92.37,90.66,91.43,43488407.0
2025-04-03,92.52,92.73,91.84,91.85,57467400.0
2025-04-04,93.65,94.09,92.82,92.85,92794210.0
2025-04-07,91.88,92.19,89.8,90.05,124987637.0
2025-04-08,89.28,90.2,88.22,88.35,73861900.0
2025-04-09,87.27,88.91,85.89,88.87,131353500.0
2025-04-10,87.74,88.18,86.35,86.42,78592000.0
2025-04-11,85.87,87.3,85.0,86.89,94814139.0
2025-04-14,87.4,87.71,86.82,87.51,37596400.0
2025-04-15,87.15,88.19,87.04,87.82,22553900.0
2025-04-16,87.8,88.5,87.47,88.31,35607337.0
2025-04-17,88.04,88.2,87.23,87.53,31758430.0
2025-04-21,86.6,87.07,85.98,86.0,39343217.0
2025-04-22,86.82,87.02,86.4,86.48,32552100.0
2025-04-23,88.88,89.06,87.17,87.32,44082200.0
2025-04-24,88.03,88.35,87.76,88.24,24190800.0
2025-04-25,88.9,89.11,88.6,88.89,22513925.0
2025-04-28,88.66,89.53,88.61,89.45,20130510.0
2025-04-29,89.32,90.21,89.3,90.2,22129500.0
2025-04-30,89.78,90.05,89.33,89.47,42630600.0
2025-05-01,89.26,89.28,88.3,88.69,29932841.0
2025-05-02,87.71,88.07,87.54,87.73,32090400.0
2025-05-05,87.35,87.41,86.83,87.24,22862807.0
2025-05-06,86.8,87.53,86.64,87.53,21095200.0
2025-05-07,87.92,88.21,87.82,87.9,23178423.0
2025-05-08,88.02,88.06,86.89,86.92,25483700.0
2025-05-09,87.0,87.31,86.92,87.05,17007900.0
2025-05-12,86.38,86.78,86.19,86.24,32115028.0
2025-05-13,86.13,86.29,85.5,85.89,53912200.0
2025-05-14,85.75,85.87,85.2,85.32,42119809.0
2025-05-15,85.63,86.32,85.48,86.07,59448000.0
2025-05-16,86.87,86.89,86.2,86.3,31778200.0
2025-05-19,84.91,86.12,84.83,86.05,49361900.0
2025-05-20,85.43,85.6,85.06,85.43,35493100.0
2025-05-21,84.68,85.06,83.76,83.97,77053100.0
2025-05-22,83.52,84.43,83.3,84.41,61747900.0
2025-05-23,84.77,84.82,84.31,84.55,47139246.0
2025-05-27,85.35,86.03,85.15,85.73,56773411.0
2025-05-28,85.41,85.54,84.97,85.36,34806800.0
2025-05-29,85.77,86.26,85.64,86.15,39003618.0
2025-05-30,86.09,86.47,85.88,86.28,49042100.0
2025-06-02,85.29,85.47,84.79,85.16,46213110.0
2025-06-03,85.44,85.74,84.89,85.01,33731300.0
2025-06-04,85.79,86.65,85.65,86.39,57441529.0
2025-06-05,86.68,86.93,86.22,86.45,37715300.0
2025-06-06,85.79,85.93,85.28,85.35,38130100.0
2025-06-09,85.04,85.64,85.04,85.44,26560800.0
2025-06-10,86.1,86.18,85.52,85.88,24857001.0
2025-06-11,85.81,86.4,85.71,86.14,36334820.0
2025-06-12,86.89,87.2,86.6,87.17,43017814.0
2025-06-13,86.73,86.88,85.78,86.33,49374000.0
2025-06-16,86.08,86.43,85.46,85.46,36496625.0
2025-06-17,86.0,86.66,85.75,86.5,34521600.0
2025-06-18,86.88,87.09,86.35,86.65,38589000.0
2025-06-20,86.14,86.79,85.95,86.49,26001907.0
2025-06-23,86.93,87.44,86.77,86.77,36851824.0
2025-06-24,86.47,87.59,86.43,87.4,32959113.0
2025-06-25,87.11,87.51,86.8,87.51,26345300.0
2025-06-26,87.59,87.95,87.2,87.95,30467517.0
2025-06-27,87.57,88.16,87.24,87.39,74993500.0
2025-06-30,87.86,88.44,87.61,88.25,53695200.0
2025-07-01,88.13,88.31,87.66,88.14,38960600.0
2025-07-02,87.19,87.59,87.1,87.58,39382249.0
2025-07-03,87.17,87.29,86.85,86.97,26729101.0
2025-07-07,86.54,86.56,85.92,86.14,38314700.0
2025-07-08,85.57,86.04,85.44,86.03,31407000.0
2025-07-09,86.19,86.93,86.18,86.93,29821900.0
2025-07-10,86.83,87.06,86.49,86.99,24525548.0
2025-07-11,86.23,86.27,85.64,85.79,40764800.0
2025-07-14,85.54,85.88,85.32,85.61,24609530.0
2025-07-15,85.89,85.91,84.9,85.01,40455000.0
2025-07-16,85.28,85.66,84.19,85.13,65987700.0
2025-07-17,85.22,85.49,84.99,85.11,31875500.0
2025-07-18,85.43,85.46,85.1,85.24,27534948.0
2025-07-21,86.22,86.51,85.96,86.0,40019530.0
2025-07-22,86.17,86.77,86.11,86.52,35190321.0
2025-07-23,86.05,86.2,85.79,86.04,31008500.0
2025-07-24,85.55,86.24,85.51,85.89,25164800.0
2025-07-25,85.8,86.44,85.72,86.43,27196200.0
2025-07-28,85.99,86.2,85.83,85.87,26812500.0
2025-07-29,86.23,87.34,86.2,87.32,47828300.0
2025-07-30,86.77,86.96,86.56,86.87,40670900.0
2025-07-31,87.13,87.41,86.84,86.92,49814100.0
2025-08-01,87.56,87.93,87.52,87.82,63434525.0
2025-08-04,87.96,88.15,87.65,88.06,36425200.0
2025-08-05,87.85,88.45,87.78,88.33,28586109.0
2025-08-06,87.84,88.05,86.92,87.82,42589347.0
2025-08-07,87.92,88.25,87.59,87.67,29213145.0
2025-08-08,87.36,87.39,87.15,87.29,21596334.0
2025-08-11,87.54,87.67,87.28,87.39,20100909.0
2025-08-12,86.9,86.97,86.55,86.95,41087211.0
2025-08-13,87.44,87.81,87.43,87.67,30817500.0
2025-08-14,87.51,87.51,86.89,87.02,33397435.0
2025-08-15,86.66,86.78,86.25,86.4,36343600.0
2025-08-18,86.5,86.54,85.99,86.15,26777514.0
2025-08-19,86.45,86.75,86.45,86.65,28780625.0
2025-08-20,86.59,86.97,86.56,86.84,25912500.0
2025-08-21,86.56,86.68,86.11,86.41,28643900.0
2025-08-22,86.83,87.3,86.72,87.05,49871900.0
2025-08-25,86.73,87.05,86.65,86.8,27011924.0
2025-08-26,86.51,86.79,86.22,86.75,30259346.0
2025-08-27,86.11,86.66,86.0,86.65,38142800.0
2025-08-28,86.78,87.26,86.66,87.22,32205937.0
2025-08-29,86.76,86.86,86.44,86.6,41686429.0
2025-09-02,85.63,85.84,85.48,85.63,48760602.0
2025-09-03,85.93,86.81,85.89,86.57,52499540.0
2025-09-04,87.02,87.24,86.58,87.23,40501600.0
2025-09-05,88.22,88.61,88.14,88.56,69668000.0
2025-09-08,89.17,89.76,89.12,89.74,54538700.0
2025-09-09,89.4,89.55,88.99,89.23,37126428.0
2025-09-10,89.4,90.07,89.19,89.74,40713600.0
2025-09-11,89.91,90.48,89.9,90.34,46694400.0
2025-09-12,89.83,89.98,89.49,89.95,32968600.0
2025-09-15,90.15,90.46,90.07,90.16,24820119.0
2025-09-16,90.09,90.5,90.04,90.35,26794226.0
2025-09-17,90.71,91.04,89.87,90.12,49121800.0
2025-09-18,89.26,89.47,88.9,89.19,55717920.0
2025-09-19,89.07,89.23,88.79,89.02,32509221.0
2025-09-22,88.82,88.91,88.54,88.7,24758223.0
2025-09-23,88.97,89.36,88.75,89.32,26689041.0
2025-09-24,89.08,89.16,88.7,88.98,28098000.0
2025-09-25,88.85,89.03,88.46,88.98,29882500.0
2025-09-26,88.99,89.47,88.69,88.9,30955100.0
2025-09-29,89.29,89.74,89.26,89.63,32286200.0
2025-09-30,89.66,90.04,89.21,89.37,38584000.0
2025-10-01,89.45,89.64,89.09,89.29,39408913.0
2025-10-02,89.31,89.69,89.19,89.55,23208338.0
2025-10-03,89.63,89.72,89.27,89.38,25884500.0
2025-10-06,88.71,89.16,88.65,88.67,28371000.0
2025-10-07,88.97,89.38,88.81,89.18,29103348.0
2025-10-08,89.6,89.62,89.13,89.25,22506241.0
2025-10-09,89.17,89.29,89.01,89.18,21578700.0
2025-10-10,89.98,90.72,89.9,90.62,59389400.0
2025-10-13,90.28,90.58,89.86,90.57,28035544.0
2025-10-14,90.65,90.92,90.43,90.86,29800001.0
2025-10-15,90.96,91.3,90.47,90.66,31333909.0
2025-10-16,90.52,91.5,90.45,91.34,39631200.0
2025-10-17,91.25,91.29,90.9,91.2,40240400.0
2025-10-20,91.46,91.56,91.28,91.55,28429300.0
2025-10-21,91.99,92.19,91.91,92.0,24514336.0
2025-10-22,91.99,92.18,91.82,92.06,30496200.0
2025-10-23,91.61,91.79,91.29,91.43,28275142.0
2025-10-24,91.59,91.6,91.16,91.47,28266000.0
2025-10-27,91.32,91.79,91.09,91.78,30033600.0
2025-10-28,91.85,92.18,91.81,92.02,23564517.0
2025-10-29,91.88,91.89,91.02,91.09,39551600.0
2025-10-30,90.39,90.97,90.35,90.56,42649215.0
2025-10-31,90.56,90.66,90.2,90.29,38247300.0
2025-11-03,89.62,89.82,89.42,89.74,40752300.0
2025-11-04,89.78,90.06,89.74,89.94,26383800.0
2025-11-05,89.51,89.55,88.88,88.96,44643440.0
2025-11-06,89.56,89.85,89.53,89.76,33027400.0
2025-11-07,89.36,89.87,89.36,89.57,28530100.0
2025-11-10,89.49,89.67,89.39,89.55,24093500.0
2025-11-11,89.95,90.07,89.78,89.96,18942300.0
2025-11-12,89.95,90.32,89.88,90.12,23594938.0
2025-11-13,89.8,89.94,89.38,89.38,33825908.0
2025-11-14,89.79,89.84,88.87,88.87,38550502.0
2025-11-17,89.08,89.3,88.98,89.09,25605800.0
2025-11-18,89.35,89.45,88.8,89.06,31967435.0
2025-11-19,89.23,89.31,88.85,88.88,25782400.0
2025-11-20,88.99,89.42,88.99,89.23,32945001.0
2025-11-21,89.65,89.67,89.2,89.5,41938628.0
2025-11-24,89.95,90.07,89.78,90.01,30865700.0
2025-11-25,90.31,90.59,90.13,90.24,36503342.0
2025-11-26,90.15,90.64,89.83,90.64,34099000.0
2025-11-28,90.46,90.53,89.95,90.21,40704300.0
2025-12-01,88.85,88.99,88.71,88.77,47086647.0
2025-12-02,88.58,88.96,88.46,88.81,27605700.0
2025-12-03,88.92,89.16,88.74,89.06,23278600.0
2025-12-04,88.91,88.93,88.48,88.58,25541500.0
2025-12-05,88.55,88.55,88.05,88.17,32808100.0
2025-12-08,88.19,88.2,87.56,87.88,32255204.0
2025-12-09,88.34,88.35,87.84,87.97,25771800.0
2025-12-10,88.0,88.52,87.86,88.31,46833512.0
2025-12-11,88.69,88.83,88.16,88.19,26778700.0
2025-12-12,87.38,87.5,87.19,87.34,47030122.0
2025-12-15,87.72,87.88,87.39,87.4,28611800.0
2025-12-16,87.19,87.92,87.17,87.88,41018700.0
2025-12-17,87.63,87.99,87.58,87.8,24668305.0
2025-12-18,88.13,88.38,88.07,88.22,39048900.0
2025-12-19,87.61,87.76,87.41,87.55,37858100.0
2025-12-22,87.42,87.46,87.25,87.36,25547134.0
2025-12-23,87.07,87.58,87.03,87.5,33624100.0
2025-12-24,87.76,88.08,87.65,88.03,25942006.0
2025-12-26,88.1,88.17,87.6,87.74,26522734.0
2025-12-29,87.95,88.07,87.79,88.07,29399823.0
2025-12-30,87.74,88.04,87.67,87.86,25106800.0
2025-12-31,87.68,87.91,87.13,87.16,36500036.0
2026-01-02,87.4,87.41,87.02,87.03,40731300.0
2026-01-05,87.18,87.52,87.11,87.46,30178030.0
2026-01-06,87.15,87.34,86.9,87.28,39015200.0
2026-01-07,87.84,88.01,87.48,87.79,39930912.0
2026-01-08,87.33,87.55,87.25,87.35,28204900.0
2026-01-09,87.3,88.0,87.12,87.93,57348800.0
2026-01-12,87.5,87.91,87.41,87.67,36103100.0
2026-01-13,87.88,87.91,87.54,87.82,30451400.0
2026-01-14,87.91,88.43,87.89,88.33,39233500.0
2026-01-15,88.64,88.66,88.31,88.31,37988942.0
2026-01-16,88.13,88.32,87.71,87.8,46382400.0
2026-01-20,86.63,87.03,86.54,86.65,66009536.0
2026-01-21,86.8,87.48,86.62,87.31,51220133.0
2026-01-22,87.27,87.76,87.14,87.69,42419300.0
2026-01-23,87.83,88.03,87.5,87.93,35968800.0
2026-01-26,88.4,88.49,88.2,88.35,38882400.0
2026-01-27,88.11,88.25,87.68,87.8,35180128.0
2026-01-28,87.51,87.7,87.29,87.6,38750300.0
2026-01-29,87.15,87.74,87.08,87.62,43855000.0
2026-01-30,87.38,87.56,87.13,87.13,45832200.0
2026-02-02,87.02,87.06,86.55,86.55,38171400.0
2026-02-03,86.49,86.78,86.43,86.76,27438200.0
2026-02-04,86.63,86.78,86.46,86.54,37872900.0
2026-02-05,86.93,87.48,86.75,87.48,50268911.0
2026-02-06,87.45,87.54,87.2,87.54,33461800.0
2026-02-09,87.2,87.58,87.03,87.52,24708900.0
2026-02-10,88.24,88.53,88.22,88.53,37253715.0
2026-02-11,88.04,88.48,87.94,88.06,37014010.0
2026-02-12,88.36,89.28,88.35,89.23,48454900.0
2026-02-13,89.63,89.81,89.52,89.72,56785200.0
2026-02-17,89.93,90.12,89.76,89.87,32356748.0
2026-02-18,89.69,89.86,89.47,89.53,35415400.0
2026-02-19,89.4,89.72,89.37,89.62,28658625.0
2026-02-20,89.7,89.74,88.93,89.41,49610815.0
2026-02-23,89.55,90.0,89.53,89.74,33614602.0
2026-02-24,89.95,90.05,89.76,89.9,24933943.0
2026-02-25,89.71,90.08,89.71,89.91,23625800.0
2026-02-26,90.06,90.32,90.05,90.27,29447100.0
2026-02-27,90.69,90.86,90.55,90.82,51272000.0
2026-03-02,89.98,89.99,89.36,89.61,55465543.0
2026-03-03,88.98,89.67,88.94,89.43,51850414.0
2026-03-04,89.27,89.44,89.1,89.15,47069511.0
2026-03-05,88.63,88.94,88.51,88.79,45768934.0
2026-03-06,88.32,88.94,88.02,88.46,58136911.0
2026-03-09,88.3,89.32,88.21,89.23,52478733.0
2026-03-10,88.8,88.95,88.27,88.28,48651546.0
2026-03-11,87.75,87.81,87.08,87.14,54679900.0
2026-03-12,86.91,87.25,86.78,86.97,48977000.0
2026-03-13,86.93,87.15,86.47,86.54,43460000.0
2026-03-16,87.18,87.34,86.96,87.21,37341500.0
2026-03-17,87.36,87.57,87.32,87.45,19578100.0
2026-03-18,87.36,87.48,86.93,86.96,37596600.0
2026-03-19,87.06,87.73,86.97,87.49,60307437.0
2026-03-20,86.81,86.86,85.76,85.83,78948515.0
2026-03-23,86.18,86.72,85.94,86.39,69686700.0
2026-03-24,85.72,86.29,85.56,86.01,51799400.0
2026-03-25,86.75,86.88,86.48,86.84,37861005.0
2026-03-26,86.34,86.61,85.93,86.11,39537000.0
2026-03-27,85.5,86.1,85.45,85.64,39928900.0
2026-03-30,86.63,86.95,86.49,86.78,36473200.0
2026-03-31,86.93,87.16,86.57,86.69,47112200.0
2026-04-01,86.28,86.71,86.23,86.26,31157621.0
2026-04-02,86.21,86.85,86.15,86.79,33310600.0
2026-04-06,86.5,86.85,86.39,86.65,14660325.0
2026-04-07,86.52,86.68,85.91,86.64,22389621.0
